{
    "$schema": "https://developer.microsoft.com/en-us/json-schemas/teams/v1.16/MicrosoftTeams.Localization.schema.json",
    "name.short": "USU",
    "name.full": "USU Chatbot",
    "description.short": "USU Chatbot Teams Integration",
    "description.full": "Interagiere mit dem USU Knowledge Bot und Knowledge Center durch den Austausch von Chatnachrichten.\n\nVon Gentlemen Group, powered by freedom manufaktur.",
    "staticTabs[0].name": "Shop",
    "bots[0].commandLists[0].commands[0].title": "/Sprache ändern",
    "bots[0].commandLists[0].commands[0].description": "Kommunikations-Sprache ändern.",
    "bots[0].commandLists[0].commands[1].title": "/Neues Thema",
    "bots[0].commandLists[0].commands[1].description": "Neues Thema beginnen, und die aktuelle Konversation beenden."
}